Column1,Person ID
26122.0,0.0,166.833,170.216,0.852535,171.7,226.956,0.771009,107.33,236.711,0.689535,92.6822,319.888,0.530484,86.8305,357.088,0.0543023,238.042,221.091,0.60174,270.236,308.153,0.458517,276.085,357.085,0.0799705,141.465,357.086,0.0520945,0.0,0.0,0.0,0.0,0.0,0.0,0.0,0.0,0.0,0.0,0.0,0.0,0.0,0.0,0.0,151.232,158.48,0.870546,175.597,154.576,0.833231,129.767,163.352,0.891544,190.234,156.522,0.746225
26123.0,0.0,159.996,169.249,0.888065,166.819,225.978,0.768088,103.397,235.762,0.700317,86.8308,320.869,0.537986,0.0,0.0,0.0,233.166,220.112,0.564566,267.296,310.102,0.524856,262.434,357.091,0.0690919,0.0,0.0,0.0,0.0,0.0,0.0,0.0,0.0,0.0,0.0,0.0,0.0,0.0,0.0,0.0,0.0,0.0,0.0,145.364,158.454,0.865113,169.737,153.599,0.869422,124.87,162.4,0.890728,183.394,153.602,0.754352
26124.0,0.0,153.168,168.256,0.870638,160.001,225.02,0.754729,96.5694,234.795,0.691737,81.952,327.725,0.500065,0.0,0.0,0.0,228.281,219.132,0.609735,260.497,314.025,0.343655,0.0,0.0,0.0,0.0,0.0,0.0,0.0,0.0,0.0,0.0,0.0,0.0,0.0,0.0,0.0,0.0,0.0,0.0,0.0,0.0,0.0,137.572,156.517,0.875778,161.946,152.628,0.865178,116.121,161.422,0.888768,176.581,153.568,0.747062
26125.0,0.0,148.286,167.271,0.896522,155.12,223.066,0.748398,89.7646,233.816,0.669629,79.0216,337.507,0.476942,0.0,0.0,0.0,222.447,216.176,0.670142,256.594,305.21,0.513599,261.466,357.09,0.0528705,0.0,0.0,0.0,0.0,0.0,0.0,0.0,0.0,0.0,0.0,0.0,0.0,0.0,0.0,0.0,0.0,0.0,0.0,133.643,154.56,0.847661,158.058,152.578,0.881301,110.242,160.428,0.844761,170.732,152.626,0.751071
26126.0,0.0,143.416,165.329,0.886136,149.278,222.076,0.754865,84.8704,231.84,0.660467,75.1286,318.923,0.496521,74.1612,357.086,0.0719355,215.61,215.208,0.657111,252.7,302.296,0.580193,258.535,357.091,0.06174,127.787,357.086,0.051663,0.0,0.0,0.0,0.0,0.0,0.0,199.047,357.081,0.0562205,0.0,0.0,0.0,0.0,0.0,0.0,127.806,152.649,0.919215,152.174,151.617,0.880012,105.344,159.45,0.895026,165.857,152.595,0.712896
26127.0,0.0,138.533,164.325,0.896364,146.333,218.152,0.741122,81.9577,226.953,0.664888,73.1886,309.118,0.491405,75.1371,357.069,0.0916836,213.649,214.211,0.654693,247.81,300.305,0.602948,261.447,357.082,0.0916353,123.902,357.084,0.0606919,0.0,0.0,0.0,0.0,0.0,0.0,201.962,357.075,0.0783977,0.0,0.0,0.0,0.0,0.0,0.0,123.912,152.58,0.883322,148.278,148.707,0.823733,101.451,158.46,0.822719,160.012,149.683,0.619454
26128.0,0.0,136.559,162.385,0.903961,144.369,216.18,0.766002,81.9757,224.022,0.674251,67.3245,310.102,0.372555,0.0,0.0,0.0,205.852,209.339,0.656222,241.953,292.51,0.529632,252.708,357.072,0.129993,119.014,357.079,0.0644308,0.0,0.0,0.0,0.0,0.0,0.0,199.017,357.074,0.101427,0.0,0.0,0.0,0.0,0.0,0.0,120.009,151.624,0.888145,144.39,146.745,0.823388,96.6009,154.566,0.874053,158.022,147.709,0.627099
26129.0,0.0,133.671,160.458,0.869292,140.487,215.214,0.743828,79.9961,223.034,0.573391,49.751,312.066,0.0589904,0.0,0.0,0.0,203.888,207.409,0.665301,240.011,293.479,0.564348,251.696,357.076,0.164084,118.05,357.075,0.0916509,0.0,0.0,0.0,0.0,0.0,0.0,192.194,357.074,0.0895394,0.0,0.0,0.0,0.0,0.0,0.0,118.053,148.709,0.844817,142.454,144.803,0.835136,95.5984,153.602,0.889082,154.139,145.769,0.506155
26130.0,0.0,132.68,160.45,0.872855,136.605,214.254,0.768199,76.0925,223.033,0.625392,0.0,0.0,0.0,0.0,0.0,0.0,199.995,206.417,0.681929,236.082,288.59,0.572019,247.798,357.067,0.314451,114.152,357.072,0.139872,0.0,0.0,0.0,0.0,0.0,0.0,196.098,357.07,0.188081,0.0,0.0,0.0,0.0,0.0,0.0,117.063,148.692,0.85374,141.445,144.773,0.847679,92.7031,153.595,0.901935,152.198,144.797,0.529809
26131.0,0.0,132.678,160.415,0.86957,136.606,214.225,0.76195,75.1285,222.062,0.605713,92.6786,331.626,0.233642,97.5544,332.614,0.0755684,199.032,206.402,0.681028,234.14,290.553,0.584571,244.891,350.222,0.311927,117.078,357.075,0.115012,0.0,0.0,0.0,0.0,0.0,0.0,192.204,357.07,0.190027,0.0,0.0,0.0,0.0,0.0,0.0,117.057,146.748,0.85324,141.446,143.805,0.865919,93.6468,153.566,0.896575,152.186,143.817,0.503605
26132.0,0.0,133.67,158.478,0.853435,137.545,213.273,0.744939,80.0052,220.1,0.584809,90.7291,310.107,0.152578,0.0,0.0,0.0,198.053,206.41,0.663625,230.26,289.553,0.605302,244.853,348.252,0.407507,115.131,357.071,0.214816,0.0,0.0,0.0,0.0,0.0,0.0,191.208,357.068,0.273088,0.0,0.0,0.0,0.0,0.0,0.0,118.044,144.783,0.887819,142.421,142.842,0.880989,93.6397,152.598,0.90242,152.196,143.803,0.354136
26133.0,0.0,135.594,156.515,0.865525,136.565,210.331,0.746944,75.1361,216.197,0.570273,0.0,0.0,0.0,0.0,0.0,0.0,195.126,205.443,0.644758,229.246,290.54,0.58283,239.992,348.259,0.373098,112.202,357.072,0.125118,0.0,0.0,0.0,0.0,0.0,0.0,189.265,357.069,0.234063,0.0,0.0,0.0,0.0,0.0,0.0,119.039,143.811,0.903165,143.424,142.806,0.876887,93.6584,151.639,0.893291,152.216,143.781,0.260354
26134.0,0.0,136.602,153.613,0.904387,136.563,210.318,0.752026,79.9905,216.191,0.520216,0.0,0.0,0.0,0.0,0.0,0.0,194.149,205.414,0.65168,226.356,289.567,0.573657,237.092,347.274,0.332484,109.262,357.069,0.179186,0.0,0.0,0.0,0.0,0.0,0.0,188.295,348.273,0.275384,0.0,0.0,0.0,0.0,0.0,0.0,120.982,142.841,0.89962,145.364,141.829,0.853094,95.5844,150.634,0.852476,154.138,142.807,0.130959
26135.0,0.0,139.498,152.633,0.88875,136.578,209.342,0.722271,80.0004,215.223,0.472641,0.0,0.0,0.0,0.0,0.0,0.0,194.154,205.425,0.654522,224.397,290.552,0.53271,236.093,345.325,0.311726,106.338,357.071,0.0948025,0.0,0.0,0.0,0.0,0.0,0.0,185.362,357.07,0.174419,0.0,0.0,0.0,0.0,0.0,0.0,124.879,141.826,0.870034,148.296,138.903,0.854573,97.585,146.747,0.826165,158.995,141.825,0.105603
26136.0,0.0,143.419,151.642,0.907055,135.591,208.386,0.727424,73.19,214.245,0.51238,57.5689,314.023,0.0851887,0.0,0.0,0.0,195.123,206.414,0.665107,223.423,288.591,0.564954,234.143,346.302,0.393424,106.351,357.071,0.163295,0.0,0.0,0.0,0.0,0.0,0.0,186.335,357.069,0.256615,0.0,0.0,0.0,0.0,0.0,0.0,127.799,139.88,0.897634,151.232,136.976,0.882486,101.45,145.774,0.841699,160.992,138.932,0.0837612
26137.0,0.0,147.319,151.6,0.881231,139.501,208.357,0.723813,82.9367,213.27,0.491451,0.0,0.0,0.0,0.0,0.0,0.0,197.061,206.393,0.687382,222.442,284.678,0.592529,232.197,345.336,0.529739,111.222,357.069,0.236273,0.0,0.0,0.0,0.0,0.0,0.0,183.425,348.26,0.356087,0.0,0.0,0.0,0.0,0.0,0.0,131.718,137.918,0.830195,155.138,135.995,0.859662,104.412,144.808,0.875705,164.878,137.948,0.0799839
26138.0,0.0,152.174,150.638,0.877471,140.488,207.374,0.717987,82.9322,209.343,0.480782,0.0,0.0,0.0,0.0,0.0,0.0,198.044,206.395,0.708483,221.479,289.571,0.576731,232.197,347.287,0.394441,110.239,357.07,0.15501,0.0,0.0,0.0,0.0,0.0,0.0,184.389,357.068,0.255836,0.0,0.0,0.0,0.0,0.0,0.0,136.608,136.964,0.920758,160.001,135.975,0.905594,108.28,144.778,0.847073,170.739,137.951,0.0623601
26139.0,0.0,159.014,151.613,0.91412,142.451,207.415,0.695521,85.8396,207.398,0.489813,0.0,0.0,0.0,0.0,0.0,0.0,200.016,208.366,0.679467,222.419,292.489,0.577559,230.264,348.253,0.427782,106.352,357.072,0.0907915,0.0,0.0,0.0,0.0,0.0,0.0,184.398,357.071,0.190695,0.0,0.0,0.0,0.0,0.0,0.0,143.399,136.988,0.884518,166.821,136.94,0.883039,114.127,144.812,0.860551,175.615,138.916,0.0599477
26140.0,0.0,161.948,151.636,0.893586,143.407,209.345,0.706289,83.9119,207.4,0.513736,0.0,0.0,0.0,0.0,0.0,0.0,202.913,210.323,0.678373,219.519,294.467,0.516369,229.269,357.07,0.28693,105.38,357.074,0.0690146,0.0,0.0,0.0,0.0,0.0,0.0,182.438,357.075,0.11248,0.0,0.0,0.0,0.0,0.0,0.0,147.332,137.928,0.874905,170.738,136.972,0.882658,118.037,145.764,0.852821,181.471,140.888,0.0574986
26141.0,0.0,165.839,152.612,0.874238,143.436,210.321,0.676329,84.8823,207.411,0.484176,0.0,0.0,0.0,0.0,0.0,0.0,203.898,212.293,0.671951,218.547,301.301,0.46546,226.351,357.076,0.171516,104.401,357.075,0.0579201,0.0,0.0,0.0,0.0,0.0,0.0,174.632,357.08,0.0516095,0.0,0.0,0.0,0.0,0.0,0.0,150.244,138.931,0.896533,173.642,138.932,0.878408,120.019,145.772,0.841143,0.0,0.0,0.0
26142.0,0.0,165.849,152.597,0.871971,144.407,213.263,0.670956,83.9048,210.32,0.463372,0.0,0.0,0.0,0.0,0.0,0.0,204.871,214.254,0.686963,217.57,299.355,0.510369,226.343,357.076,0.225222,101.454,357.074,0.0676168,0.0,0.0,0.0,0.0,0.0,0.0,169.762,357.079,0.063439,0.0,0.0,0.0,0.0,0.0,0.0,150.248,138.911,0.889649,173.646,138.906,0.876289,120.954,145.758,0.836203,0.0,0.0,0.0
26143.0,0.0,166.805,151.631,0.871071,144.41,215.202,0.694864,81.952,212.277,0.461131,0.0,0.0,0.0,0.0,0.0,0.0,205.866,216.208,0.66878,221.459,315.0,0.325466,0.0,0.0,0.0,0.0,0.0,0.0,0.0,0.0,0.0,0.0,0.0,0.0,0.0,0.0,0.0,0.0,0.0,0.0,0.0,0.0,0.0,151.195,136.988,0.907704,173.658,136.981,0.873414,120.01,144.815,0.839511,0.0,0.0,0.0
26144.0,0.0,165.85,149.658,0.819688,145.373,214.253,0.675396,82.9388,211.298,0.421551,0.0,0.0,0.0,0.0,0.0,0.0,205.854,216.191,0.680497,221.456,313.048,0.317032,227.309,357.091,0.0721026,0.0,0.0,0.0,0.0,0.0,0.0,0.0,0.0,0.0,0.0,0.0,0.0,0.0,0.0,0.0,0.0,0.0,0.0,150.229,135.979,0.914815,172.678,135.951,0.881474,119.982,144.79,0.853074,0.0,0.0,0.0
26145.0,0.0,164.867,145.779,0.8196,144.374,215.245,0.676139,79.9886,213.257,0.411656,0.0,0.0,0.0,0.0,0.0,0.0,206.823,217.193,0.651406,223.406,317.942,0.279001,0.0,0.0,0.0,0.0,0.0,0.0,0.0,0.0,0.0,0.0,0.0,0.0,0.0,0.0,0.0,0.0,0.0,0.0,0.0,0.0,0.0,149.271,134.022,0.904372,171.716,134.006,0.871051,118.062,144.767,0.853548,0.0,0.0,0.0
26146.0,0.0,162.941,144.767,0.858173,144.38,215.206,0.676877,79.9937,213.251,0.408049,0.0,0.0,0.0,0.0,0.0,0.0,205.871,216.173,0.669568,224.383,319.892,0.274553,0.0,0.0,0.0,0.0,0.0,0.0,0.0,0.0,0.0,0.0,0.0,0.0,0.0,0.0,0.0,0.0,0.0,0.0,0.0,0.0,0.0,148.295,133.031,0.900916,171.703,132.066,0.888029,117.083,144.76,0.864179,0.0,0.0,0.0
26147.0,0.0,161.963,144.76,0.870383,143.418,215.212,0.696588,77.0754,212.282,0.419396,0.0,0.0,0.0,0.0,0.0,0.0,206.832,216.201,0.665118,223.418,304.245,0.402757,228.306,357.093,0.0893841,0.0,0.0,0.0,0.0,0.0,0.0,0.0,0.0,0.0,179.523,357.081,0.0643778,0.0,0.0,0.0,0.0,0.0,0.0,147.322,133.025,0.889774,170.744,132.06,0.89948,117.068,144.764,0.871684,0.0,0.0,0.0
26148.0,0.0,160.969,145.77,0.865682,145.369,215.213,0.69821,80.9775,212.282,0.431563,0.0,0.0,0.0,0.0,0.0,0.0,207.814,216.209,0.658427,226.328,305.219,0.405123,230.266,357.093,0.0959338,103.419,357.078,0.0524531,0.0,0.0,0.0,0.0,0.0,0.0,179.516,357.081,0.0825274,0.0,0.0,0.0,0.0,0.0,0.0,146.347,134.022,0.893362,170.712,134.014,0.886761,116.104,144.773,0.870347,181.466,137.967,0.0537482
26149.0,0.0,160.98,148.69,0.852146,144.395,215.199,0.695736,80.0057,212.278,0.427743,0.0,0.0,0.0,0.0,0.0,0.0,207.806,216.192,0.658075,227.331,308.151,0.439256,234.135,357.092,0.110716,103.401,357.076,0.060022,0.0,0.0,0.0,0.0,0.0,0.0,179.51,357.082,0.0913587,0.0,0.0,0.0,0.0,0.0,0.0,146.339,135.963,0.890922,169.771,135.007,0.883304,116.1,144.81,0.867665,181.46,137.955,0.0513831
26150.0,0.0,160.041,150.66,0.897767,142.441,215.22,0.703594,75.1182,213.25,0.413352,0.0,0.0,0.0,0.0,0.0,0.0,206.843,216.214,0.656662,228.292,309.128,0.44294,232.206,357.094,0.0803023,0.0,0.0,0.0,0.0,0.0,0.0,0.0,0.0,0.0,175.593,357.081,0.0622218,0.0,0.0,0.0,0.0,0.0,0.0,145.384,136.978,0.872964,169.742,135.992,0.886441,116.08,146.745,0.84986,0.0,0.0,0.0
26151.0,0.0,160.038,151.607,0.907019,142.44,215.192,0.679578,74.15,211.312,0.393284,0.0,0.0,0.0,0.0,0.0,0.0,206.847,216.199,0.644907,229.26,308.146,0.405275,232.189,357.091,0.0960635,0.0,0.0,0.0,0.0,0.0,0.0,0.0,0.0,0.0,174.643,357.082,0.0578393,0.0,0.0,0.0,0.0,0.0,0.0,145.381,137.932,0.869652,168.804,135.997,0.884824,115.128,147.713,0.846204,0.0,0.0,0.0
26152.0,0.0,160.977,151.616,0.90525,143.427,215.19,0.678838,77.0724,213.261,0.390007,0.0,0.0,0.0,0.0,0.0,0.0,207.795,215.227,0.641023,228.3,304.246,0.469512,231.226,357.094,0.0776595,0.0,0.0,0.0,0.0,0.0,0.0,0.0,0.0,0.0,181.474,357.081,0.0827493,0.0,0.0,0.0,0.0,0.0,0.0,145.381,137.939,0.866227,169.747,135.999,0.884589,115.137,147.716,0.842326,0.0,0.0,0.0
26153.0,0.0,160.972,151.637,0.915643,143.435,213.254,0.667472,77.0685,210.323,0.393695,0.0,0.0,0.0,0.0,0.0,0.0,206.838,214.236,0.66329,229.256,301.327,0.518905,237.066,357.09,0.0790695,111.205,357.077,0.0653034,0.0,0.0,0.0,0.0,0.0,0.0,182.434,357.078,0.114853,0.0,0.0,0.0,0.0,0.0,0.0,145.385,138.897,0.859549,169.744,136.941,0.878707,115.133,146.756,0.837531,0.0,0.0,0.0
26154.0,0.0,161.0,151.653,0.898693,146.336,214.213,0.635576,80.9831,213.259,0.358672,0.0,0.0,0.0,0.0,0.0,0.0,206.832,214.238,0.655788,230.237,302.286,0.462861,238.04,357.093,0.0735856,112.191,357.075,0.0710695,0.0,0.0,0.0,0.0,0.0,0.0,181.468,357.078,0.104802,0.0,0.0,0.0,0.0,0.0,0.0,146.354,138.908,0.862279,169.773,136.961,0.873492,116.09,147.708,0.833025,0.0,0.0,0.0
26155.0,0.0,161.949,152.588,0.897889,148.279,214.226,0.650466,83.8958,215.201,0.371317,0.0,0.0,0.0,0.0,0.0,0.0,206.841,213.259,0.638667,230.262,303.266,0.453416,237.094,357.09,0.10406,114.151,357.074,0.0759043,0.0,0.0,0.0,0.0,0.0,0.0,184.388,357.079,0.109341,0.0,0.0,0.0,0.0,0.0,0.0,147.307,139.875,0.863671,170.712,136.981,0.869923,116.113,147.709,0.827332,0.0,0.0,0.0
26156.0,0.0,162.94,152.623,0.881912,147.315,213.264,0.665359,81.9624,213.258,0.410597,0.0,0.0,0.0,0.0,0.0,0.0,207.821,213.264,0.619776,231.214,303.261,0.45965,235.125,357.09,0.105126,114.14,357.076,0.0766313,0.0,0.0,0.0,0.0,0.0,0.0,186.34,357.079,0.121408,0.0,0.0,0.0,0.0,0.0,0.0,148.283,140.854,0.880726,171.699,138.899,0.864381,118.045,147.724,0.82638,0.0,0.0,0.0
26157.0,0.0,164.862,152.64,0.869119,149.244,214.219,0.683033,83.8959,214.222,0.409725,0.0,0.0,0.0,0.0,0.0,0.0,211.694,214.236,0.631384,231.239,301.3,0.433594,238.035,357.09,0.10141,114.158,357.076,0.0689085,0.0,0.0,0.0,0.0,0.0,0.0,187.317,357.079,0.105184,0.0,0.0,0.0,0.0,0.0,0.0,149.249,141.833,0.898268,171.716,139.874,0.863552,119.037,148.698,0.816004,0.0,0.0,0.0
26158.0,0.0,165.856,153.605,0.850555,151.238,215.229,0.679672,89.7573,217.172,0.400534,0.0,0.0,0.0,0.0,0.0,0.0,213.636,215.183,0.663184,232.207,301.309,0.464193,238.055,357.089,0.122673,116.101,357.075,0.0771419,0.0,0.0,0.0,0.0,0.0,0.0,188.29,357.077,0.126092,0.0,0.0,0.0,0.0,0.0,0.0,150.218,142.815,0.91586,172.7,140.869,0.871593,120.002,149.684,0.822199,182.459,142.811,0.0564772
26159.0,0.0,166.846,154.553,0.859041,156.086,215.21,0.673814,96.5772,217.161,0.390835,0.0,0.0,0.0,0.0,0.0,0.0,213.661,215.195,0.662975,233.18,303.269,0.446046,239.025,357.09,0.106419,119.983,357.072,0.0871412,0.0,0.0,0.0,0.0,0.0,0.0,187.328,357.079,0.113544,0.0,0.0,0.0,0.0,0.0,0.0,150.247,142.849,0.918714,174.612,141.826,0.868552,120.025,151.609,0.834793,0.0,0.0,0.0
26160.0,0.0,167.829,155.534,0.868301,155.13,216.196,0.647374,95.6012,218.156,0.36033,0.0,0.0,0.0,0.0,0.0,0.0,215.606,216.209,0.656683,236.089,310.099,0.442696,240.971,357.091,0.0788337,116.089,357.075,0.0611091,0.0,0.0,0.0,0.0,0.0,0.0,183.433,357.082,0.0612947,0.0,0.0,0.0,0.0,0.0,0.0,151.211,143.802,0.926827,175.604,142.796,0.870529,120.981,151.658,0.84633,0.0,0.0,0.0
26161.0,0.0,168.796,156.53,0.859017,159.045,215.215,0.701324,106.337,213.261,0.432438,0.0,0.0,0.0,0.0,0.0,0.0,215.63,216.189,0.661349,236.104,310.095,0.496021,238.054,357.092,0.0883189,119.017,357.076,0.0764699,0.0,0.0,0.0,0.0,0.0,0.0,189.265,357.08,0.0934713,0.0,0.0,0.0,0.0,0.0,0.0,152.185,143.819,0.902323,176.6,142.827,0.862939,121.978,152.573,0.827898,189.27,144.766,0.0544175
26162.0,0.0,169.768,157.481,0.855481,159.995,216.18,0.708386,104.384,215.215,0.437161,0.0,0.0,0.0,0.0,0.0,0.0,219.502,217.181,0.657399,236.102,309.11,0.475956,239.989,357.088,0.104733,120.983,357.076,0.0757923,0.0,0.0,0.0,0.0,0.0,0.0,188.286,357.082,0.0787779,0.0,0.0,0.0,0.0,0.0,0.0,153.184,143.829,0.868808,178.535,142.821,0.86126,123.891,152.591,0.83008,189.283,143.816,0.058268
26163.0,0.0,170.735,156.51,0.858441,163.902,215.207,0.706375,111.212,209.343,0.489802,0.0,0.0,0.0,0.0,0.0,0.0,221.448,220.101,0.646664,237.099,309.13,0.539897,240.005,357.093,0.0971877,120.99,357.074,0.0923622,0.0,0.0,0.0,0.0,0.0,0.0,188.289,357.082,0.101263,0.0,0.0,0.0,0.0,0.0,0.0,155.122,143.831,0.86309,180.467,142.837,0.876652,125.836,152.593,0.84893,190.235,144.796,0.061637
26164.0,0.0,172.685,155.562,0.843883,162.935,216.204,0.682011,108.3,215.204,0.442624,0.0,0.0,0.0,0.0,0.0,0.0,221.473,221.071,0.638024,238.057,309.119,0.510529,242.933,357.09,0.111276,120.016,357.073,0.0827231,0.0,0.0,0.0,0.0,0.0,0.0,187.325,357.083,0.0783777,0.0,0.0,0.0,0.0,0.0,0.0,158.023,143.831,0.887978,181.44,142.82,0.898682,126.809,152.586,0.84939,0.0,0.0,0.0
26165.0,0.0,174.605,156.51,0.840245,164.872,216.211,0.689379,106.352,213.264,0.453387,0.0,0.0,0.0,0.0,0.0,0.0,224.397,222.076,0.66208,239.025,309.145,0.532917,244.889,357.093,0.112396,119.996,357.074,0.0803005,0.0,0.0,0.0,0.0,0.0,0.0,187.315,357.081,0.0900327,0.0,0.0,0.0,0.0,0.0,0.0,158.991,143.835,0.917132,182.413,142.82,0.915787,127.786,152.593,0.865165,191.25,143.793,0.0618822
26166.0,0.0,174.657,156.534,0.843157,165.833,216.174,0.691065,107.325,210.32,0.467372,0.0,0.0,0.0,0.0,0.0,0.0,225.351,222.055,0.654514,239.033,311.098,0.565102,244.85,357.096,0.0792231,118.053,357.075,0.0742839,0.0,0.0,0.0,0.0,0.0,0.0,185.376,357.079,0.0778106,0.0,0.0,0.0,0.0,0.0,0.0,159.046,143.835,0.929206,182.472,142.853,0.90618,128.765,152.581,0.86171,0.0,0.0,0.0
26167.0,0.0,175.625,157.486,0.84005,166.829,215.215,0.700774,111.214,208.373,0.462333,0.0,0.0,0.0,0.0,0.0,0.0,225.351,221.074,0.654584,239.989,308.142,0.535751,245.855,357.089,0.126739,122.94,357.073,0.0885948,0.0,0.0,0.0,0.0,0.0,0.0,190.227,357.081,0.108816,0.0,0.0,0.0,0.0,0.0,0.0,159.994,143.835,0.92419,183.436,143.772,0.881166,129.754,152.573,0.825216,0.0,0.0,0.0
26168.0,0.0,176.598,156.536,0.836648,167.792,215.197,0.691733,113.183,208.369,0.468571,0.0,0.0,0.0,0.0,0.0,0.0,225.365,220.098,0.651965,240.969,308.137,0.509205,245.855,357.089,0.120052,125.857,357.072,0.0848304,0.0,0.0,0.0,0.0,0.0,0.0,192.189,357.083,0.0921253,0.0,0.0,0.0,0.0,0.0,0.0,160.021,143.831,0.916493,184.384,142.846,0.882337,129.768,151.65,0.826088,0.0,0.0,0.0
26169.0,0.0,177.553,157.511,0.841316,165.866,215.206,0.674566,109.265,210.322,0.423362,0.0,0.0,0.0,0.0,0.0,0.0,225.354,220.108,0.648523,240.969,308.144,0.52255,245.866,357.093,0.115294,123.915,357.072,0.0848489,0.0,0.0,0.0,0.0,0.0,0.0,192.2,357.084,0.0898159,0.0,0.0,0.0,0.0,0.0,0.0,160.963,143.837,0.903474,184.412,142.849,0.866144,131.701,151.649,0.807467,0.0,0.0,0.0
26170.0,0.0,177.563,159.424,0.854551,166.836,215.228,0.691459,110.242,211.302,0.431291,0.0,0.0,0.0,0.0,0.0,0.0,225.382,220.1,0.651664,240.988,303.27,0.478523,246.855,357.089,0.139327,121.957,357.073,0.0719852,0.0,0.0,0.0,0.0,0.0,0.0,191.229,357.084,0.0759642,0.0,0.0,0.0,0.0,0.0,0.0,160.976,144.77,0.887799,185.381,143.775,0.848751,131.712,152.571,0.810425,0.0,0.0,0.0
26171.0,0.0,178.541,159.456,0.859172,165.853,217.165,0.675754,105.363,215.229,0.437398,0.0,0.0,0.0,0.0,0.0,0.0,226.351,222.059,0.654064,243.903,307.174,0.478089,247.798,357.088,0.141941,121.966,357.073,0.0681608,0.0,0.0,0.0,0.0,0.0,0.0,191.219,357.085,0.0663936,0.0,0.0,0.0,0.0,0.0,0.0,160.998,144.779,0.881585,186.354,143.776,0.854251,131.715,151.654,0.81191,0.0,0.0,0.0
26172.0,0.0,179.497,159.468,0.863389,164.875,218.142,0.662427,101.466,216.202,0.428984,0.0,0.0,0.0,0.0,0.0,0.0,227.331,222.053,0.663937,243.912,310.101,0.514304,246.839,357.092,0.129788,121.96,357.075,0.075373,0.0,0.0,0.0,0.0,0.0,0.0,190.251,357.084,0.0671384,0.0,0.0,0.0,0.0,0.0,0.0,161.941,144.792,0.867399,187.308,143.793,0.860295,132.679,152.575,0.814184,0.0,0.0,0.0
26173.0,0.0,179.523,160.415,0.871572,166.807,217.181,0.683319,104.388,216.192,0.454461,0.0,0.0,0.0,0.0,0.0,0.0,228.292,222.05,0.665931,243.896,309.111,0.503748,246.847,357.093,0.114478,125.845,357.073,0.078595,0.0,0.0,0.0,0.0,0.0,0.0,195.116,357.083,0.0860686,0.0,0.0,0.0,0.0,0.0,0.0,162.914,144.814,0.853617,188.281,143.813,0.862143,132.679,152.578,0.825192,0.0,0.0,0.0
26174.0,0.0,179.509,160.452,0.87768,165.835,220.094,0.663286,102.435,218.165,0.416057,0.0,0.0,0.0,0.0,0.0,0.0,229.245,223.025,0.66612,243.894,309.116,0.518572,246.851,357.094,0.116823,122.933,357.076,0.0674775,0.0,0.0,0.0,0.0,0.0,0.0,192.2,357.084,0.0725611,0.0,0.0,0.0,0.0,0.0,0.0,162.914,145.788,0.837865,187.315,144.782,0.8586,131.72,152.594,0.829319,0.0,0.0,0.0
26175.0,0.0,179.503,160.464,0.884058,168.768,218.146,0.697574,111.226,217.166,0.416497,0.0,0.0,0.0,0.0,0.0,0.0,227.326,222.044,0.663268,243.899,308.14,0.50423,245.863,357.091,0.116413,127.799,357.078,0.0701168,0.0,0.0,0.0,0.0,0.0,0.0,193.175,357.082,0.0738655,0.0,0.0,0.0,0.0,0.0,0.0,162.913,147.733,0.846175,186.353,144.817,0.852065,132.688,152.646,0.842832,197.056,146.75,0.0760392
26176.0,0.0,179.511,161.395,0.882835,168.772,218.146,0.693367,111.22,217.174,0.404169,0.0,0.0,0.0,0.0,0.0,0.0,227.311,221.088,0.658534,243.886,307.172,0.491067,245.841,357.089,0.124357,127.785,357.079,0.0622749,0.0,0.0,0.0,0.0,0.0,0.0,193.177,357.083,0.0689692,0.0,0.0,0.0,0.0,0.0,0.0,162.916,148.689,0.850481,187.306,145.746,0.8555,132.682,152.65,0.838779,197.061,146.739,0.0792458
26177.0,0.0,179.501,161.417,0.876747,167.809,218.147,0.678398,108.291,217.169,0.399203,0.0,0.0,0.0,0.0,0.0,0.0,227.318,222.042,0.658531,243.906,307.177,0.489635,245.873,357.091,0.116347,125.86,357.079,0.0563125,0.0,0.0,0.0,0.0,0.0,0.0,192.187,357.083,0.0597798,0.0,0.0,0.0,0.0,0.0,0.0,162.913,149.662,0.85675,186.345,145.784,0.847357,132.681,153.57,0.828596,196.106,148.694,0.0781196
26178.0,0.0,179.495,162.382,0.866732,167.815,217.175,0.695902,109.275,216.182,0.413253,0.0,0.0,0.0,0.0,0.0,0.0,227.3,221.09,0.654258,242.936,308.137,0.50669,245.87,357.092,0.116297,126.816,357.077,0.0715891,0.0,0.0,0.0,0.0,0.0,0.0,193.167,357.082,0.0702176,0.0,0.0,0.0,0.0,0.0,0.0,161.96,150.66,0.869109,186.336,146.753,0.849193,132.68,153.587,0.830412,196.084,148.7,0.083714
26179.0,0.0,178.55,162.414,0.861046,165.846,218.151,0.669898,103.402,217.172,0.401287,0.0,0.0,0.0,0.0,0.0,0.0,227.307,222.04,0.659414,243.897,308.151,0.514516,245.859,357.093,0.112928,124.867,357.078,0.0621677,0.0,0.0,0.0,0.0,0.0,0.0,193.162,357.083,0.059905,0.0,0.0,0.0,0.0,0.0,0.0,161.94,151.597,0.875426,186.335,147.714,0.839001,132.676,153.601,0.830679,196.09,148.691,0.0885348
26180.0,0.0,178.541,163.379,0.862396,166.842,219.135,0.662636,105.374,219.119,0.396746,0.0,0.0,0.0,0.0,0.0,0.0,227.313,222.049,0.661045,243.882,309.131,0.51385,245.83,357.095,0.105442,125.846,357.078,0.0619428,0.0,0.0,0.0,0.0,0.0,0.0,194.136,357.084,0.0585253,0.0,0.0,0.0,0.0,0.0,0.0,160.985,151.64,0.902873,185.383,149.657,0.833326,131.7,153.621,0.817323,196.09,150.635,0.0864747
26181.0,0.0,178.544,164.345,0.863528,168.792,219.123,0.686302,114.14,218.15,0.411873,0.0,0.0,0.0,0.0,0.0,0.0,227.328,222.043,0.659747,244.857,310.103,0.546128,244.878,357.095,0.0988449,124.886,357.077,0.0636702,0.0,0.0,0.0,0.0,0.0,0.0,192.189,357.083,0.0591596,0.0,0.0,0.0,0.0,0.0,0.0,160.991,151.654,0.901744,185.379,149.668,0.832477,131.713,154.554,0.812735,196.089,149.66,0.0942136
26182.0,0.0,178.539,164.357,0.85605,171.691,221.07,0.689342,118.052,222.06,0.43829,0.0,0.0,0.0,0.0,0.0,0.0,228.287,222.063,0.665294,244.878,310.124,0.548022,244.889,357.096,0.0875843,127.821,357.077,0.0790565,0.0,0.0,0.0,0.0,0.0,0.0,195.12,357.083,0.067981,0.0,0.0,0.0,0.0,0.0,0.0,160.983,152.589,0.902588,186.332,149.681,0.828925,132.674,154.564,0.810196,196.095,149.666,0.0899024
26183.0,0.0,179.509,165.309,0.859015,165.866,223.025,0.681034,104.377,224.03,0.413734,0.0,0.0,0.0,0.0,0.0,0.0,228.289,223.034,0.654409,245.825,311.086,0.550295,244.858,357.098,0.0660545,124.889,357.081,0.0507376,0.0,0.0,0.0,0.0,0.0,0.0,0.0,0.0,0.0,0.0,0.0,0.0,0.0,0.0,0.0,161.946,152.595,0.881141,186.35,150.626,0.830713,132.688,154.567,0.816008,197.063,149.672,0.0825514
26184.0,0.0,178.547,165.316,0.857006,166.825,221.094,0.675179,104.381,222.057,0.42777,0.0,0.0,0.0,0.0,0.0,0.0,228.301,223.046,0.656095,245.838,311.091,0.545772,244.846,357.095,0.0819796,127.788,357.078,0.0611214,0.0,0.0,0.0,0.0,0.0,0.0,194.136,357.086,0.0553347,0.0,0.0,0.0,0.0,0.0,0.0,160.999,152.597,0.891083,186.35,150.635,0.829489,132.691,154.569,0.816795,196.109,149.677,0.092719
26185.0,0.0,178.552,165.313,0.854452,166.825,222.04,0.66814,103.417,222.062,0.408021,0.0,0.0,0.0,0.0,0.0,0.0,228.301,222.082,0.652795,245.876,312.067,0.528123,244.876,357.099,0.0621497,124.877,357.076,0.0533797,0.0,0.0,0.0,0.0,0.0,0.0,0.0,0.0,0.0,0.0,0.0,0.0,0.0,0.0,0.0,160.997,152.601,0.88328,186.353,150.637,0.831895,133.661,154.572,0.823552,196.112,150.636,0.0888857
26186.0,0.0,179.503,165.309,0.859007,167.789,221.067,0.674971,104.388,220.119,0.423178,0.0,0.0,0.0,0.0,0.0,0.0,230.23,223.035,0.650544,246.837,313.047,0.515773,242.939,357.099,0.0534755,125.841,357.076,0.0643697,0.0,0.0,0.0,0.0,0.0,0.0,0.0,0.0,0.0,0.0,0.0,0.0,0.0,0.0,0.0,161.948,152.609,0.875304,187.308,150.642,0.837803,134.627,155.529,0.830352,196.113,150.65,0.0989006
26187.0,0.0,179.506,164.36,0.852772,168.774,219.142,0.665569,105.363,220.101,0.408209,0.0,0.0,0.0,0.0,0.0,0.0,230.246,222.079,0.654294,246.858,316.943,0.568742,0.0,0.0,0.0,124.886,357.073,0.0695665,0.0,0.0,0.0,0.0,0.0,0.0,192.198,357.083,0.0531984,0.0,0.0,0.0,0.0,0.0,0.0,161.953,152.603,0.875691,187.329,150.644,0.838319,134.642,155.551,0.834113,197.063,150.659,0.10037
26188.0,0.0,179.511,164.361,0.852342,165.861,220.101,0.667871,102.431,218.166,0.439703,0.0,0.0,0.0,0.0,0.0,0.0,230.235,223.027,0.646047,247.805,317.94,0.55609,0.0,0.0,0.0,120.995,357.078,0.0532886,0.0,0.0,0.0,0.0,0.0,0.0,0.0,0.0,0.0,0.0,0.0,0.0,0.0,0.0,0.0,161.959,152.601,0.874651,187.33,150.642,0.840755,134.634,155.54,0.838595,197.06,150.661,0.0950506
26189.0,0.0,179.51,164.361,0.856729,165.853,222.041,0.666236,101.462,223.037,0.427759,0.0,0.0,0.0,0.0,0.0,0.0,230.242,222.07,0.655491,247.824,318.91,0.53319,0.0,0.0,0.0,125.857,357.078,0.0568111,0.0,0.0,0.0,0.0,0.0,0.0,0.0,0.0,0.0,0.0,0.0,0.0,0.0,0.0,0.0,161.959,152.603,0.872911,187.325,150.646,0.843088,134.634,155.552,0.835517,197.075,151.605,0.106897
26190.0,0.0,179.525,165.319,0.857631,165.847,221.073,0.655836,99.5062,221.09,0.42307,0.0,0.0,0.0,0.0,0.0,0.0,231.225,222.079,0.653508,248.768,316.957,0.463358,247.805,357.096,0.0595651,126.819,357.077,0.059903,0.0,0.0,0.0,0.0,0.0,0.0,196.097,357.085,0.0597407,0.0,0.0,0.0,0.0,0.0,0.0,162.928,152.607,0.867477,188.284,151.592,0.852124,134.646,155.537,0.839694,197.066,150.665,0.0909558
26191.0,0.0,180.48,166.293,0.863578,166.842,220.101,0.628434,99.5102,221.084,0.381882,0.0,0.0,0.0,0.0,0.0,0.0,230.243,221.086,0.65192,247.793,311.104,0.478697,248.787,357.095,0.0622987,128.8,357.078,0.0593563,0.0,0.0,0.0,0.0,0.0,0.0,197.075,357.083,0.0677292,0.0,0.0,0.0,0.0,0.0,0.0,163.902,152.643,0.854274,189.248,151.622,0.864345,135.587,155.556,0.839376,197.086,151.61,0.0913318
26192.0,0.0,179.526,166.306,0.858259,167.809,220.106,0.603262,97.5666,220.112,0.33623,0.0,0.0,0.0,0.0,0.0,0.0,230.249,222.039,0.645565,247.8,312.074,0.474875,247.803,357.096,0.0538306,129.76,357.078,0.0673604,0.0,0.0,0.0,0.0,0.0,0.0,198.043,357.084,0.0689958,0.0,0.0,0.0,0.0,0.0,0.0,162.94,153.575,0.854151,188.29,151.636,0.859481,134.632,155.546,0.818881,197.087,151.624,0.102882
26193.0,0.0,179.516,166.308,0.860643,167.803,221.072,0.577007,95.6201,222.058,0.328101,0.0,0.0,0.0,0.0,0.0,0.0,230.263,222.041,0.6494,247.796,311.084,0.463456,250.72,357.094,0.0726826,129.758,357.077,0.0626538,0.0,0.0,0.0,0.0,0.0,0.0,198.025,357.084,0.0674193,0.0,0.0,0.0,0.0,0.0,0.0,162.925,153.583,0.854189,187.327,151.635,0.86397,133.661,156.518,0.81187,197.087,151.628,0.122233
26194.0,0.0,179.511,166.314,0.860238,167.808,220.104,0.598502,98.5371,221.093,0.342735,0.0,0.0,0.0,0.0,0.0,0.0,230.261,221.069,0.641733,247.799,311.082,0.422195,251.68,357.094,0.0933762,128.793,357.079,0.0639138,0.0,0.0,0.0,0.0,0.0,0.0,197.081,357.084,0.0725702,0.0,0.0,0.0,0.0,0.0,0.0,162.922,153.584,0.858739,187.329,151.637,0.865155,133.669,156.513,0.815786,198.011,151.63,0.119726
26195.0,0.0,179.497,166.316,0.858949,165.849,220.119,0.632496,97.5601,221.091,0.387615,0.0,0.0,0.0,0.0,0.0,0.0,230.254,221.081,0.644943,247.802,310.123,0.427146,251.702,357.092,0.0891241,127.786,357.081,0.0545655,0.0,0.0,0.0,0.0,0.0,0.0,197.053,357.086,0.0562248,0.0,0.0,0.0,0.0,0.0,0.0,161.953,153.592,0.864186,187.309,151.634,0.864758,133.671,156.515,0.812318,197.088,151.625,0.13292
26196.0,0.0,178.556,166.318,0.86196,164.884,219.13,0.645931,97.5627,220.098,0.415376,0.0,0.0,0.0,0.0,0.0,0.0,230.244,220.106,0.649738,248.777,312.073,0.522883,250.717,357.097,0.0607719,128.765,357.077,0.0681667,0.0,0.0,0.0,0.0,0.0,0.0,194.154,357.083,0.0568971,0.0,0.0,0.0,0.0,0.0,0.0,161.966,153.586,0.865655,187.305,151.638,0.861407,133.67,156.509,0.814192,197.074,151.621,0.101575
26197.0,0.0,179.507,166.311,0.860921,166.844,217.191,0.631941,101.46,218.15,0.379108,0.0,0.0,0.0,0.0,0.0,0.0,229.271,219.118,0.651531,248.776,309.121,0.502468,252.665,357.092,0.0844876,129.759,357.076,0.0764052,0.0,0.0,0.0,0.0,0.0,0.0,197.075,357.083,0.0743342,0.0,0.0,0.0,0.0,0.0,0.0,162.918,153.579,0.863896,187.318,151.642,0.866765,133.66,155.555,0.815931,197.068,151.624,0.0996079
26198.0,0.0,179.516,166.311,0.859115,168.776,218.154,0.617677,103.416,220.102,0.359259,0.0,0.0,0.0,0.0,0.0,0.0,229.285,219.118,0.651805,247.829,309.111,0.511683,252.661,357.092,0.0731411,129.748,357.076,0.0671318,0.0,0.0,0.0,0.0,0.0,0.0,196.089,357.085,0.0631126,0.0,0.0,0.0,0.0,0.0,0.0,162.926,153.576,0.863054,187.327,151.642,0.863487,134.623,156.521,0.817647,197.077,151.629,0.111815
26199.0,0.0,179.525,166.306,0.856131,166.807,218.166,0.65325,102.444,221.08,0.413811,0.0,0.0,0.0,0.0,0.0,0.0,229.28,218.166,0.651256,248.79,311.1,0.520117,251.69,357.095,0.0605362,126.835,357.077,0.0575794,0.0,0.0,0.0,0.0,0.0,0.0,0.0,0.0,0.0,0.0,0.0,0.0,0.0,0.0,0.0,162.933,153.566,0.865145,188.3,151.637,0.867504,134.623,156.523,0.819129,197.074,151.623,0.0969958
26200.0,0.0,180.465,166.303,0.852663,167.8,219.118,0.648349,104.389,220.099,0.394335,0.0,0.0,0.0,0.0,0.0,0.0,230.236,220.098,0.645133,249.757,312.06,0.503053,252.66,357.095,0.0576735,129.753,357.075,0.0733773,0.0,0.0,0.0,0.0,0.0,0.0,197.064,357.085,0.070326,0.0,0.0,0.0,0.0,0.0,0.0,162.934,152.651,0.86319,188.303,151.631,0.862098,134.645,156.525,0.819967,198.021,151.633,0.107531
26201.0,0.0,180.504,167.251,0.859211,167.813,219.143,0.647358,105.358,220.11,0.395001,0.0,0.0,0.0,0.0,0.0,0.0,230.25,220.099,0.642344,249.756,311.099,0.512218,252.669,357.095,0.0631803,127.822,357.076,0.0652507,0.0,0.0,0.0,0.0,0.0,0.0,196.092,357.084,0.0693882,0.0,0.0,0.0,0.0,0.0,0.0,164.879,153.578,0.864278,189.281,152.593,0.879595,134.645,156.517,0.81403,198.047,152.594,0.0835345
26202.0,0.0,182.415,167.279,0.894179,170.725,220.095,0.593531,105.361,220.118,0.318192,0.0,0.0,0.0,0.0,0.0,0.0,230.245,219.135,0.639982,249.766,311.103,0.528495,251.686,357.096,0.0562399,128.788,357.076,0.0641499,0.0,0.0,0.0,0.0,0.0,0.0,197.074,357.084,0.0656901,0.0,0.0,0.0,0.0,0.0,0.0,166.825,153.6,0.898908,190.258,152.608,0.898336,135.606,157.492,0.823327,0.0,0.0,0.0
26203.0,0.0,183.424,167.274,0.883234,167.809,219.124,0.608161,105.363,221.097,0.35069,0.0,0.0,0.0,0.0,0.0,0.0,230.24,218.163,0.647223,250.725,311.091,0.534426,251.695,357.097,0.0554087,127.801,357.076,0.0567451,0.0,0.0,0.0,0.0,0.0,0.0,196.092,357.084,0.0567313,0.0,0.0,0.0,0.0,0.0,0.0,168.796,153.615,0.893033,192.198,152.636,0.903409,136.58,156.511,0.835646,0.0,0.0,0.0
26204.0,0.0,190.26,168.245,0.86938,171.711,217.179,0.558813,104.397,218.153,0.280386,0.0,0.0,0.0,0.0,0.0,0.0,231.209,218.157,0.631236,250.719,310.124,0.537935,252.671,357.095,0.0660592,129.747,357.076,0.063591,0.0,0.0,0.0,0.0,0.0,0.0,197.063,357.083,0.0561652,0.0,0.0,0.0,0.0,0.0,0.0,174.63,155.531,0.873797,197.057,153.603,0.877615,138.541,157.498,0.813909,0.0,0.0,0.0
26205.0,0.0,194.134,167.304,0.868047,172.662,218.146,0.592068,127.785,221.097,0.233116,0.0,0.0,0.0,0.0,0.0,0.0,230.247,218.142,0.634479,249.771,309.133,0.533214,252.676,357.095,0.06081,132.686,357.076,0.0752771,0.0,0.0,0.0,0.0,0.0,0.0,198.032,357.082,0.0614528,0.0,0.0,0.0,0.0,0.0,0.0,181.429,157.481,0.875439,199.989,154.551,0.873775,143.415,159.44,0.842949,0.0,0.0,0.0
26206.0,0.0,199.039,165.323,0.857749,173.66,217.194,0.602882,128.783,221.069,0.28413,0.0,0.0,0.0,0.0,0.0,0.0,232.204,219.14,0.628165,249.75,309.142,0.520433,0.0,0.0,0.0,135.588,357.076,0.0811781,0.0,0.0,0.0,0.0,0.0,0.0,198.033,357.08,0.0557238,0.0,0.0,0.0,0.0,0.0,0.0,183.438,154.553,0.889324,203.881,152.59,0.895781,146.362,159.431,0.853161,0.0,0.0,0.0
26207.0,0.0,201.941,163.37,0.852543,174.63,216.215,0.60982,127.804,217.17,0.30621,0.0,0.0,0.0,0.0,0.0,0.0,233.172,219.138,0.635643,249.741,308.145,0.516373,252.699,357.092,0.0816258,136.569,357.075,0.0846071,0.0,0.0,0.0,0.0,0.0,0.0,199.024,357.08,0.0743769,0.0,0.0,0.0,0.0,0.0,0.0,188.278,153.57,0.881009,204.859,152.575,0.881982,149.276,159.426,0.861676,0.0,0.0,0.0
26208.0,0.0,202.946,161.434,0.870891,173.676,216.198,0.617288,126.831,216.196,0.312201,0.0,0.0,0.0,0.0,0.0,0.0,232.19,219.135,0.626906,248.788,308.158,0.568064,252.666,357.093,0.0701823,134.63,357.074,0.0764458,0.0,0.0,0.0,0.0,0.0,0.0,198.031,357.081,0.0717239,0.0,0.0,0.0,0.0,0.0,0.0,190.211,152.612,0.898819,204.896,150.664,0.823265,150.253,157.508,0.846954,0.0,0.0,0.0
26209.0,0.0,204.855,161.419,0.893381,175.623,216.186,0.61969,127.823,216.182,0.363239,0.0,0.0,0.0,0.0,0.0,0.0,234.136,220.096,0.632497,249.749,309.144,0.580782,251.723,357.095,0.0670696,135.61,357.075,0.0769289,0.0,0.0,0.0,0.0,0.0,0.0,198.045,357.08,0.0700787,0.0,0.0,0.0,0.0,0.0,0.0,190.261,152.587,0.920337,205.859,150.634,0.804956,151.2,156.517,0.842726,0.0,0.0,0.0
26210.0,0.0,204.89,162.381,0.89229,174.651,216.201,0.56113,134.615,216.184,0.288401,0.0,0.0,0.0,0.0,0.0,0.0,235.113,221.093,0.644238,248.795,310.118,0.572617,251.7,357.094,0.0624786,136.597,357.073,0.0811412,0.0,0.0,0.0,0.0,0.0,0.0,198.062,357.08,0.0812851,0.0,0.0,0.0,0.0,0.0,0.0,191.222,152.624,0.941995,206.804,150.661,0.80891,152.174,157.488,0.829642,0.0,0.0,0.0
26211.0,0.0,205.874,163.362,0.885292,175.614,215.236,0.563082,134.634,214.243,0.280387,0.0,0.0,0.0,0.0,0.0,0.0,235.109,220.117,0.646977,248.773,309.138,0.546441,252.689,357.092,0.0995308,136.569,357.073,0.0798285,0.0,0.0,0.0,0.0,0.0,0.0,198.058,357.081,0.0808141,0.0,0.0,0.0,0.0,0.0,0.0,192.193,153.586,0.929942,207.814,151.622,0.822752,153.167,158.472,0.830008,0.0,0.0,0.0
26212.0,0.0,206.818,165.315,0.865603,174.652,215.243,0.549135,135.629,214.246,0.283966,146.338,302.297,0.103891,0.0,0.0,0.0,234.144,221.088,0.619305,248.769,311.088,0.542663,252.677,357.092,0.0693023,137.551,357.069,0.0942866,0.0,0.0,0.0,0.0,0.0,0.0,198.041,357.08,0.0885088,0.0,0.0,0.0,0.0,0.0,0.0,193.174,154.563,0.899464,209.762,152.616,0.806329,154.148,158.481,0.826557,0.0,0.0,0.0
26213.0,0.0,206.862,166.32,0.859121,173.674,216.192,0.546255,135.624,215.197,0.270822,151.235,304.23,0.144026,0.0,0.0,0.0,232.193,219.136,0.587546,247.825,311.071,0.524133,251.685,357.093,0.0565391,139.51,357.07,0.0863638,0.0,0.0,0.0,0.0,0.0,0.0,197.066,357.081,0.0642611,0.0,0.0,0.0,0.0,0.0,0.0,193.196,156.51,0.880396,210.724,152.65,0.780241,155.131,159.428,0.833484,0.0,0.0,0.0
26214.0,0.0,207.796,166.308,0.854151,178.529,216.224,0.565578,134.642,216.212,0.291665,145.361,302.285,0.0566654,0.0,0.0,0.0,235.123,222.044,0.63912,247.821,309.113,0.52933,252.667,357.092,0.107215,137.578,357.072,0.0896428,0.0,0.0,0.0,0.0,0.0,0.0,200.97,357.081,0.0962258,0.0,0.0,0.0,0.0,0.0,0.0,194.138,156.517,0.86725,211.694,153.57,0.813704,155.136,159.444,0.834509,0.0,0.0,0.0
26215.0,0.0,207.804,167.252,0.855426,174.637,217.164,0.611026,127.804,216.205,0.286506,0.0,0.0,0.0,0.0,0.0,0.0,235.126,222.074,0.639511,247.817,309.114,0.513806,252.68,357.093,0.0951221,135.619,357.073,0.072105,0.0,0.0,0.0,0.0,0.0,0.0,198.056,357.081,0.0724495,0.0,0.0,0.0,0.0,0.0,0.0,194.151,157.489,0.857754,210.744,153.592,0.802162,156.094,159.448,0.836321,0.0,0.0,0.0
26216.0,0.0,207.798,166.305,0.85921,173.673,216.228,0.596171,126.826,216.189,0.257709,0.0,0.0,0.0,0.0,0.0,0.0,235.12,222.076,0.639804,247.818,309.125,0.532532,252.713,357.092,0.10546,134.63,357.074,0.0632595,0.0,0.0,0.0,0.0,0.0,0.0,198.032,357.081,0.0638405,0.0,0.0,0.0,0.0,0.0,0.0,194.149,156.519,0.864505,210.743,153.567,0.814462,156.085,159.435,0.833128,0.0,0.0,0.0
26217.0,0.0,206.861,166.302,0.847226,174.649,217.165,0.593588,131.699,217.172,0.28991,0.0,0.0,0.0,0.0,0.0,0.0,235.119,222.047,0.615095,247.803,307.175,0.466303,252.687,357.089,0.104321,137.554,357.073,0.0665301,0.0,0.0,0.0,0.0,0.0,0.0,198.058,357.081,0.0652777,0.0,0.0,0.0,0.0,0.0,0.0,194.161,156.525,0.853626,210.725,153.578,0.792028,156.101,159.426,0.829901,0.0,0.0,0.0
26218.0,0.0,207.815,167.249,0.844264,175.617,217.163,0.564811,134.615,217.184,0.276389,148.295,306.193,0.0531945,0.0,0.0,0.0,235.129,221.079,0.639779,247.796,304.237,0.510435,252.681,357.091,0.103748,137.558,357.072,0.0802668,0.0,0.0,0.0,0.0,0.0,0.0,198.057,357.081,0.0750609,0.0,0.0,0.0,0.0,0.0,0.0,194.166,157.49,0.853148,211.693,153.583,0.790345,156.107,158.493,0.82359,0.0,0.0,0.0
26219.0,0.0,207.808,167.274,0.857721,174.645,217.172,0.534149,134.64,217.161,0.25863,0.0,0.0,0.0,0.0,0.0,0.0,236.097,222.077,0.666143,247.805,308.143,0.470263,253.659,357.087,0.138596,137.562,357.072,0.0835997,0.0,0.0,0.0,0.0,0.0,0.0,199.017,357.081,0.0848918,0.0,0.0,0.0,0.0,0.0,0.0,195.134,157.501,0.854615,211.706,153.615,0.765493,157.081,159.445,0.844011,0.0,0.0,0.0
26220.0,0.0,207.818,167.281,0.850439,178.529,217.193,0.552304,134.637,220.094,0.275883,0.0,0.0,0.0,0.0,0.0,0.0,236.096,222.057,0.663757,247.817,310.111,0.41272,252.703,357.086,0.13996,138.549,357.074,0.0914849,0.0,0.0,0.0,0.0,0.0,0.0,200.012,357.081,0.088339,0.0,0.0,0.0,0.0,0.0,0.0,196.09,157.511,0.852358,211.717,154.572,0.747646,158.036,159.456,0.847646,0.0,0.0,0.0
26221.0,0.0,208.788,167.275,0.842559,179.497,216.174,0.588912,134.615,215.208,0.282327,0.0,0.0,0.0,0.0,0.0,0.0,235.128,221.088,0.623729,248.767,310.107,0.451366,253.662,357.087,0.133868,136.607,357.073,0.0953419,0.0,0.0,0.0,0.0,0.0,0.0,199.997,357.081,0.0911727,0.0,0.0,0.0,0.0,0.0,0.0,197.054,157.507,0.854161,212.661,154.563,0.72505,158.051,159.459,0.857211,0.0,0.0,0.0
26222.0,0.0,210.741,168.234,0.830546,174.635,216.196,0.584523,133.647,215.228,0.261268,0.0,0.0,0.0,0.0,0.0,0.0,233.164,220.102,0.590561,247.829,310.094,0.473091,253.658,357.087,0.12285,136.588,357.075,0.0795003,0.0,0.0,0.0,0.0,0.0,0.0,199.044,357.081,0.0731229,0.0,0.0,0.0,0.0,0.0,0.0,198.022,158.478,0.860079,213.63,154.573,0.710071,158.06,159.467,0.857074,0.0,0.0,0.0
26223.0,0.0,211.71,168.249,0.841932,179.499,216.201,0.637938,127.816,213.26,0.342291,0.0,0.0,0.0,0.0,0.0,0.0,235.13,221.089,0.620316,249.752,310.091,0.482964,254.622,357.087,0.134713,136.605,357.075,0.0871881,0.0,0.0,0.0,0.0,0.0,0.0,199.991,357.081,0.0758314,0.0,0.0,0.0,0.0,0.0,0.0,198.055,159.451,0.878384,213.652,155.532,0.767111,159.008,160.416,0.870881,0.0,0.0,0.0
26224.0,0.0,212.689,168.243,0.854244,179.497,216.187,0.619905,126.825,213.268,0.290337,0.0,0.0,0.0,0.0,0.0,0.0,236.092,221.087,0.642026,248.796,303.27,0.42937,254.643,357.086,0.135825,136.607,357.073,0.0873469,0.0,0.0,0.0,0.0,0.0,0.0,199.042,357.082,0.0857229,0.0,0.0,0.0,0.0,0.0,0.0,199.02,159.445,0.869898,213.678,154.589,0.751132,159.044,160.419,0.865638,0.0,0.0,0.0
26225.0,0.0,213.624,167.293,0.850269,181.445,215.203,0.662345,134.625,213.27,0.345964,0.0,0.0,0.0,0.0,0.0,0.0,234.135,217.192,0.609424,248.797,302.294,0.455233,255.603,357.085,0.153173,144.38,357.071,0.102631,0.0,0.0,0.0,0.0,0.0,0.0,204.858,357.078,0.12686,0.0,0.0,0.0,0.0,0.0,0.0,199.054,159.421,0.86282,213.683,155.551,0.701668,160.003,160.423,0.863111,0.0,0.0,0.0
26226.0,0.0,213.645,168.257,0.855405,179.496,215.222,0.632654,127.813,215.215,0.335214,0.0,0.0,0.0,0.0,0.0,0.0,233.176,217.177,0.609155,250.732,306.2,0.487013,254.658,357.09,0.129473,138.551,357.072,0.0927343,0.0,0.0,0.0,0.0,0.0,0.0,203.899,357.08,0.098392,0.0,0.0,0.0,0.0,0.0,0.0,200.006,159.434,0.866869,214.615,156.518,0.68705,160.028,160.424,0.858077,0.0,0.0,0.0
26227.0,0.0,213.643,167.305,0.846847,175.622,215.239,0.603914,127.805,216.197,0.306351,0.0,0.0,0.0,0.0,0.0,0.0,231.225,216.208,0.599035,250.728,308.14,0.450102,255.614,357.089,0.120491,137.566,357.073,0.0808425,0.0,0.0,0.0,0.0,0.0,0.0,202.921,357.082,0.081843,0.0,0.0,0.0,0.0,0.0,0.0,200.008,159.423,0.856602,214.6,154.589,0.674038,160.03,160.415,0.85659,0.0,0.0,0.0
26228.0,0.0,213.65,168.267,0.863707,178.532,215.216,0.593593,126.823,213.269,0.301673,0.0,0.0,0.0,0.0,0.0,0.0,235.115,218.158,0.642769,249.76,304.236,0.450764,254.628,357.086,0.133367,137.552,357.072,0.0876162,0.0,0.0,0.0,0.0,0.0,0.0,200.013,357.082,0.0896158,0.0,0.0,0.0,0.0,0.0,0.0,200.959,159.452,0.86744,214.619,157.496,0.626384,160.037,159.482,0.85389,0.0,0.0,0.0
26229.0,0.0,213.663,168.262,0.860471,179.497,215.229,0.57821,126.828,214.238,0.293445,0.0,0.0,0.0,0.0,0.0,0.0,235.122,220.103,0.627285,249.749,305.223,0.47528,254.636,357.089,0.120215,137.556,357.072,0.0894325,0.0,0.0,0.0,0.0,0.0,0.0,200.966,357.082,0.0759103,0.0,0.0,0.0,0.0,0.0,0.0,200.969,159.452,0.866113,214.65,156.525,0.639673,160.963,159.481,0.847351,0.0,0.0,0.0
26230.0,0.0,213.653,168.283,0.851152,179.502,215.238,0.60962,128.786,215.219,0.32331,0.0,0.0,0.0,0.0,0.0,0.0,235.115,218.167,0.633488,248.787,304.242,0.470304,253.68,357.091,0.11894,138.529,357.073,0.090848,0.0,0.0,0.0,0.0,0.0,0.0,200.987,357.083,0.0862081,0.0,0.0,0.0,0.0,0.0,0.0,200.966,159.478,0.864663,214.633,157.488,0.647634,160.977,159.482,0.848374,0.0,0.0,0.0
26231.0,0.0,213.645,169.252,0.840506,180.472,215.241,0.606401,130.73,215.22,0.338238,0.0,0.0,0.0,0.0,0.0,0.0,235.117,219.127,0.626775,248.787,303.269,0.497552,253.673,357.093,0.104393,138.549,357.073,0.0929925,0.0,0.0,0.0,0.0,0.0,0.0,202.919,357.082,0.0911159,0.0,0.0,0.0,0.0,0.0,0.0,200.973,160.424,0.872348,214.635,158.482,0.64581,160.983,159.479,0.843954,0.0,0.0,0.0
26232.0,0.0,213.636,169.239,0.835802,181.462,215.202,0.617799,134.631,214.229,0.370012,0.0,0.0,0.0,0.0,0.0,0.0,235.108,217.184,0.637999,248.784,301.324,0.49968,254.631,357.087,0.130193,140.489,357.072,0.106869,0.0,0.0,0.0,0.0,0.0,0.0,201.947,357.081,0.104804,0.0,0.0,0.0,0.0,0.0,0.0,200.972,160.422,0.874042,214.62,158.463,0.630923,160.991,160.413,0.842466,0.0,0.0,0.0
26233.0,0.0,213.636,169.254,0.835744,181.46,215.204,0.648597,134.625,214.234,0.396341,0.0,0.0,0.0,0.0,0.0,0.0,234.154,216.227,0.651935,248.773,301.324,0.510657,254.626,357.09,0.11489,140.492,357.072,0.10148,0.0,0.0,0.0,0.0,0.0,0.0,202.934,357.081,0.0995896,0.0,0.0,0.0,0.0,0.0,0.0,200.963,160.426,0.876488,214.627,158.464,0.64816,160.994,160.415,0.848951,0.0,0.0,0.0
26234.0,0.0,212.689,170.203,0.830889,180.486,215.218,0.649686,133.644,214.247,0.412959,0.0,0.0,0.0,0.0,0.0,0.0,233.169,217.172,0.63519,249.745,304.236,0.510737,253.671,357.095,0.0923477,138.536,357.073,0.091057,0.0,0.0,0.0,0.0,0.0,0.0,202.918,357.082,0.0893984,0.0,0.0,0.0,0.0,0.0,0.0,200.004,160.451,0.881653,214.614,158.49,0.708327,160.979,160.425,0.858486,0.0,0.0,0.0
26235.0,0.0,213.633,172.161,0.866501,180.467,214.253,0.648648,133.651,214.224,0.402337,0.0,0.0,0.0,0.0,0.0,0.0,230.262,215.241,0.635029,247.797,300.321,0.484716,253.689,357.085,0.153178,139.526,349.253,0.114342,0.0,0.0,0.0,0.0,0.0,0.0,200.986,357.076,0.150841,0.0,0.0,0.0,0.0,0.0,0.0,200.022,161.418,0.880213,214.616,159.474,0.723559,160.974,160.426,0.872134,0.0,0.0,0.0
26236.0,0.0,213.634,172.159,0.866404,180.488,214.242,0.663136,134.619,213.249,0.427402,130.733,294.459,0.0551022,0.0,0.0,0.0,231.211,215.246,0.635464,247.796,300.323,0.479475,254.627,357.081,0.161034,141.461,350.217,0.124565,0.0,0.0,0.0,0.0,0.0,0.0,200.985,357.074,0.171508,0.0,0.0,0.0,0.0,0.0,0.0,200.018,161.417,0.882294,214.62,159.473,0.735335,160.969,160.423,0.870824,0.0,0.0,0.0
26237.0,0.0,212.689,171.212,0.854052,180.47,215.211,0.618254,133.655,215.216,0.384205,0.0,0.0,0.0,0.0,0.0,0.0,229.282,215.233,0.649082,247.787,301.297,0.443156,254.63,357.084,0.132691,141.453,352.178,0.103227,0.0,0.0,0.0,0.0,0.0,0.0,201.956,357.078,0.127778,0.0,0.0,0.0,0.0,0.0,0.0,200.01,161.42,0.879079,214.598,160.405,0.710354,160.963,160.434,0.869349,0.0,0.0,0.0
26238.0,0.0,212.659,172.16,0.837246,176.591,215.194,0.605632,133.64,215.226,0.368152,0.0,0.0,0.0,0.0,0.0,0.0,229.248,215.216,0.634606,246.841,300.326,0.450818,253.677,357.083,0.13543,142.424,357.07,0.112188,0.0,0.0,0.0,0.0,0.0,0.0,202.933,357.078,0.144357,0.0,0.0,0.0,0.0,0.0,0.0,199.996,161.415,0.874507,213.676,160.416,0.688182,160.964,160.447,0.868179,0.0,0.0,0.0
26239.0,0.0,211.718,171.21,0.839365,179.5,214.248,0.609008,134.628,215.225,0.366159,0.0,0.0,0.0,0.0,0.0,0.0,229.252,215.21,0.640952,246.818,300.332,0.476148,253.651,357.086,0.108079,142.42,357.068,0.117952,0.0,0.0,0.0,0.0,0.0,0.0,202.934,357.076,0.153349,0.0,0.0,0.0,0.0,0.0,0.0,199.997,161.413,0.875802,213.671,160.414,0.647533,160.967,160.445,0.871501,0.0,0.0,0.0
26240.0,0.0,211.713,171.194,0.832744,179.508,213.263,0.633714,135.601,213.269,0.390756,0.0,0.0,0.0,0.0,0.0,0.0,228.276,214.245,0.612341,245.877,300.325,0.450271,253.667,357.084,0.105131,141.466,350.222,0.120883,0.0,0.0,0.0,0.0,0.0,0.0,202.93,357.075,0.158685,0.0,0.0,0.0,0.0,0.0,0.0,199.982,160.468,0.888763,213.674,159.472,0.676617,160.014,160.435,0.880382,0.0,0.0,0.0
26241.0,0.0,211.711,171.198,0.832125,180.477,213.259,0.640821,135.613,213.258,0.401633,0.0,0.0,0.0,0.0,0.0,0.0,228.283,214.238,0.63578,245.847,300.316,0.448898,252.692,357.083,0.0986088,141.456,350.222,0.139018,0.0,0.0,0.0,0.0,0.0,0.0,201.965,357.074,0.191102,0.0,0.0,0.0,0.0,0.0,0.0,199.984,161.39,0.886427,213.667,159.472,0.652961,160.018,160.444,0.875051,0.0,0.0,0.0
26242.0,0.0,212.68,170.228,0.848144,178.533,214.252,0.657964,134.643,216.195,0.415103,135.599,301.302,0.0761325,0.0,0.0,0.0,227.301,214.212,0.639545,244.887,300.327,0.424299,252.648,357.084,0.0809464,143.396,357.069,0.12837,0.0,0.0,0.0,0.0,0.0,0.0,202.922,357.074,0.169303,0.0,0.0,0.0,0.0,0.0,0.0,200.018,161.39,0.885414,213.677,159.479,0.554033,160.976,161.421,0.858113,0.0,0.0,0.0
26243.0,0.0,214.627,172.162,0.87904,177.567,215.216,0.6374,134.634,219.12,0.407971,136.591,319.888,0.0878926,0.0,0.0,0.0,226.347,214.223,0.641244,239.05,286.637,0.256257,0.0,0.0,0.0,144.39,357.071,0.0946115,0.0,0.0,0.0,0.0,0.0,0.0,203.903,357.077,0.128944,0.0,0.0,0.0,0.0,0.0,0.0,203.901,161.422,0.891739,215.607,161.401,0.47261,164.884,163.356,0.853749,0.0,0.0,0.0
26244.0,0.0,215.636,171.207,0.859333,179.504,216.19,0.656525,137.577,223.039,0.561137,141.467,325.76,0.207217,0.0,0.0,0.0,223.423,211.296,0.620112,242.922,298.369,0.276823,250.731,357.078,0.107198,146.351,357.072,0.100106,0.0,0.0,0.0,0.0,0.0,0.0,204.89,357.076,0.132301,0.0,0.0,0.0,0.0,0.0,0.0,205.878,161.427,0.909864,218.535,160.454,0.33836,167.836,165.313,0.880422,0.0,0.0,0.0
26245.0,0.0,219.503,171.185,0.815129,175.595,215.234,0.653639,136.577,223.033,0.507721,135.613,318.909,0.127754,0.0,0.0,0.0,220.494,207.403,0.648664,239.019,287.606,0.378506,252.65,350.219,0.167328,143.419,357.068,0.109815,0.0,0.0,0.0,0.0,0.0,0.0,203.901,357.074,0.175215,0.0,0.0,0.0,0.0,0.0,0.0,209.755,161.44,0.851021,221.445,160.395,0.0962491,173.633,166.324,0.856483,0.0,0.0,0.0
26246.0,0.0,223.417,170.222,0.849503,173.671,213.267,0.621522,134.641,218.142,0.390936,0.0,0.0,0.0,0.0,0.0,0.0,220.493,207.408,0.642953,238.024,290.555,0.450702,249.752,357.081,0.125465,143.42,357.071,0.097311,0.0,0.0,0.0,0.0,0.0,0.0,203.9,357.074,0.16367,0.0,0.0,0.0,0.0,0.0,0.0,214.642,161.415,0.91695,225.345,159.456,0.0980861,179.52,166.31,0.856577,0.0,0.0,0.0
26247.0,0.0,228.275,169.235,0.823375,174.624,211.303,0.61081,137.558,217.184,0.436495,154.143,322.819,0.118968,0.0,0.0,0.0,216.58,205.442,0.650924,237.044,289.563,0.593719,247.815,348.259,0.338777,147.326,350.226,0.162909,0.0,0.0,0.0,0.0,0.0,0.0,204.872,348.264,0.239871,0.0,0.0,0.0,0.0,0.0,0.0,221.474,160.467,0.875402,0.0,0.0,0.0,186.342,167.269,0.807754,0.0,0.0,0.0
26248.0,0.0,234.145,169.228,0.748498,173.646,207.406,0.649207,135.624,211.304,0.472426,0.0,0.0,0.0,0.0,0.0,0.0,213.642,206.394,0.630669,231.23,285.64,0.563846,247.815,346.304,0.505012,144.38,349.24,0.222518,0.0,0.0,0.0,0.0,0.0,0.0,201.966,346.312,0.302898,0.0,0.0,0.0,0.0,0.0,0.0,228.303,161.404,0.858638,0.0,0.0,0.0,198.04,168.271,0.82474,0.0,0.0,0.0
26249.0,0.0,239.021,167.278,0.627267,175.601,202.496,0.668059,138.554,200.56,0.54783,149.274,297.389,0.0830788,0.0,0.0,0.0,212.663,205.421,0.560046,228.273,290.535,0.450429,244.861,341.406,0.271206,146.341,347.277,0.232249,0.0,0.0,0.0,0.0,0.0,0.0,201.957,345.334,0.242198,0.0,0.0,0.0,0.0,0.0,0.0,235.105,157.507,0.741728,0.0,0.0,0.0,204.884,168.24,0.839766,0.0,0.0,0.0
26250.0,0.0,220.485,171.181,0.0876662,173.67,205.434,0.644532,137.562,205.43,0.556466,128.779,282.719,0.0813928,0.0,0.0,0.0,207.817,206.397,0.489038,221.479,288.586,0.500035,243.886,346.304,0.593072,148.292,345.339,0.312807,0.0,0.0,0.0,0.0,0.0,0.0,203.897,344.348,0.331515,0.0,0.0,0.0,0.0,0.0,0.0,218.529,162.393,0.162032,0.0,0.0,0.0,208.785,164.366,0.700746,0.0,0.0,0.0
26251.0,0.0,0.0,0.0,0.0,169.748,205.42,0.439956,144.402,208.36,0.401822,0.0,0.0,0.0,0.0,0.0,0.0,200.966,196.63,0.238187,214.612,285.646,0.302331,237.064,342.399,0.281686,155.119,346.313,0.273527,0.0,0.0,0.0,0.0,0.0,0.0,203.911,344.334,0.273511,0.0,0.0,0.0,0.0,0.0,0.0,0.0,0.0,0.0,0.0,0.0,0.0,214.616,167.268,0.723812,0.0,0.0,0.0
26252.0,0.0,227.308,172.178,0.0536321,176.577,202.508,0.540101,141.467,206.424,0.526467,130.728,286.626,0.0733487,0.0,0.0,0.0,206.838,198.58,0.372209,0.0,0.0,0.0,0.0,0.0,0.0,156.106,345.33,0.273065,0.0,0.0,0.0,0.0,0.0,0.0,212.67,341.415,0.312823,0.0,0.0,0.0,0.0,0.0,0.0,0.0,0.0,0.0,0.0,0.0,0.0,216.601,167.268,0.73397,0.0,0.0,0.0
26253.0,0.0,228.302,174.115,0.0576383,174.625,203.473,0.552183,140.495,205.452,0.532988,136.583,290.544,0.112478,0.0,0.0,0.0,205.853,199.569,0.38374,0.0,0.0,0.0,0.0,0.0,0.0,158.044,343.374,0.318902,0.0,0.0,0.0,0.0,0.0,0.0,206.842,337.494,0.326623,0.0,0.0,0.0,0.0,0.0,0.0,0.0,0.0,0.0,0.0,0.0,0.0,220.482,166.289,0.744771,0.0,0.0,0.0
26254.0,0.0,226.339,171.181,0.0678398,172.684,197.626,0.453353,149.275,205.428,0.396274,136.579,282.716,0.0503552,0.0,0.0,0.0,204.877,190.756,0.252718,0.0,0.0,0.0,0.0,0.0,0.0,159.993,344.332,0.335477,0.0,0.0,0.0,0.0,0.0,0.0,204.89,337.501,0.362707,0.0,0.0,0.0,0.0,0.0,0.0,0.0,0.0,0.0,0.0,0.0,0.0,218.545,162.383,0.736027,0.0,0.0,0.0
26255.0,0.0,227.326,166.29,0.0960625,179.498,196.621,0.564639,148.288,200.547,0.495229,0.0,0.0,0.0,0.0,0.0,0.0,206.833,192.708,0.444023,0.0,0.0,0.0,0.0,0.0,0.0,153.173,344.336,0.364485,0.0,0.0,0.0,0.0,0.0,0.0,205.858,340.432,0.445767,0.0,0.0,0.0,0.0,0.0,0.0,229.255,158.469,0.172567,0.0,0.0,0.0,221.452,158.473,0.68838,0.0,0.0,0.0
26256.0,0.0,226.331,164.353,0.473746,178.544,196.648,0.623728,147.321,200.562,0.533644,124.886,269.023,0.163046,0.0,0.0,0.0,207.808,193.69,0.494679,0.0,0.0,0.0,0.0,0.0,0.0,152.205,343.351,0.437553,0.0,0.0,0.0,0.0,0.0,0.0,204.865,336.513,0.477992,0.0,0.0,0.0,0.0,0.0,0.0,223.445,156.522,0.491643,0.0,0.0,0.0,212.69,153.584,0.555005,0.0,0.0,0.0
26257.0,0.0,228.307,161.414,0.0800838,177.562,199.574,0.63027,143.412,205.442,0.564376,129.768,285.647,0.221745,0.0,0.0,0.0,209.746,195.666,0.492301,0.0,0.0,0.0,0.0,0.0,0.0,155.129,346.298,0.385221,0.0,0.0,0.0,0.0,0.0,0.0,207.795,342.391,0.429003,0.0,0.0,0.0,0.0,0.0,0.0,231.222,150.659,0.158074,0.0,0.0,0.0,224.38,152.581,0.721059,0.0,0.0,0.0
26258.0,0.0,229.268,161.408,0.0837581,179.505,203.477,0.57327,145.361,209.351,0.509462,128.799,292.501,0.12139,136.593,332.599,0.0584037,210.735,195.65,0.452474,0.0,0.0,0.0,0.0,0.0,0.0,156.103,347.278,0.343221,0.0,0.0,0.0,0.0,0.0,0.0,208.793,342.392,0.43367,0.0,0.0,0.0,0.0,0.0,0.0,0.0,0.0,0.0,0.0,0.0,0.0,225.378,151.632,0.742208,0.0,0.0,0.0
